{"size":2.0,"rows":23,"columns":42,"cells":[],"diseases":[],"playerSpawn":{"x":8.313711166381836,"y":-3.264542579650879,"z":0.0},"patientSpawn":{"x":12.668282508850098,"y":-5.42520809173584,"z":0.0},"patientSpawnDirection":"DOWN"}
